<edmx:Edmx
    xmlns:edmx="http://schemas.microsoft.com/ado/2007/06/edmx" Version="1.0">
    <edmx:DataServices
        xmlns:m="http://schemas.microsoft.com/ado/2007/08/dataservices/metadata" m:DataServiceVersion="2.0">
        <Schema
            xmlns:d="http://schemas.microsoft.com/ado/2007/08/dataservices"
            xmlns:m="http://schemas.microsoft.com/ado/2007/08/dataservices/metadata"
            xmlns="http://schemas.microsoft.com/ado/2008/09/edm" Namespace="sap.hana.democontent.epm.services">
            <EntityType Name="UsersType">
                <Key>
                    <PropertyRef Name="UserId"/>
                </Key>
                <Property Name="UserId" Type="Edm.Int32" Nullable="false"/>
                <Property Name="FirstName" Type="Edm.String" MaxLength="40"/>
                <Property Name="LastName" Type="Edm.String" MaxLength="40"/>
                <Property Name="Email" Type="Edm.String" MaxLength="255"/>
            </EntityType>
            <EntityContainer Name="v2" m:IsDefaultEntityContainer="true">
                <EntitySet Name="Users" EntityType="sap.hana.democontent.epm.services.UsersType"/>
            </EntityContainer>
        </Schema>
    </edmx:DataServices>
</edmx:Edmx>
